Timestamp,PM2.5 (µg/m³),PM10 (µg/m³)
06-09-2017,6.82,NA
07-09-2017,51.65,97
08-09-2017,43.45,80.57
09-09-2017,70.7,139.33
10-09-2017,46.42,89.83
11-09-2017,53.91,106.56
12-09-2017,56.96,85.79
15-09-2017,88.06,136.34
16-09-2017,39.39,104.57
17-09-2017,85.92,132.66
18-09-2017,92.57,156.85
19-09-2017,46.71,114.18
20-09-2017,67.57,137.11
21-09-2017,84.63,174.61
22-09-2017,0.82,1.49
23-09-2017,6.31,10.76
24-09-2017,32.26,54.81
25-09-2017,61.31,104.11
26-09-2017,42.02,71.22
29-09-2017,89.86,152.3
30-09-2017,103.51,175.44
01-10-2017,111.42,188.85
02-10-2017,72.62,123.09
09-10-2017,1.08,1.84
11-10-2017,1.67,27.29
12-10-2017,4.58,62.81
13-10-2017,0.08,NA
16-10-2017,1,30.44
17-10-2017,3.08,108.32
19-10-2017,57.39,168.87
20-10-2017,30.77,52.16
21-10-2017,113.81,192.91
23-10-2017,12.05,20.43
26-10-2017,6.21,13.57
29-10-2017,180.17,305.38
30-10-2017,66.21,112.22
31-10-2017,175.95,308.33
01-11-2017,168.56,289.02
02-11-2017,121.03,212.04
03-11-2017,190.9,323.57
04-11-2017,96.86,166.84
05-11-2017,139.6,315.48
06-11-2017,186.06,315.38
07-11-2017,464.1,787.07
08-11-2017,623.48,NA
09-11-2017,496.78,842.82
10-11-2017,260.22,446.93
11-11-2017,334.75,557.92
12-11-2017,397.91,663.18
13-11-2017,242.97,404.95
14-11-2017,130.59,217.65
15-11-2017,158.11,266.92
16-11-2017,187.69,312.82
17-11-2017,142.16,236.94
18-11-2017,140.41,234.01
19-11-2017,127.14,211.89
20-11-2017,172.95,288.25
21-11-2017,139.79,234.78
22-11-2017,142.69,237.9
23-11-2017,123.47,208.36
24-11-2017,108.61,181.37
25-11-2017,148.99,248.32
26-11-2017,181.81,303.02
27-11-2017,170.84,284.73
28-11-2017,157.94,263.26
29-11-2017,157.47,262.46
30-11-2017,128.23,254.6
01-12-2017,157.63,263
02-12-2017,161.81,269.68
03-12-2017,179.75,299.77
04-12-2017,228.74,381.24
06-12-2017,100.21,167.02
07-12-2017,89.44,149.06
08-12-2017,105.02,175.04
09-12-2017,109.04,185.96
10-12-2017,67.28,244.64
11-12-2017,128.64,279.27
12-12-2017,82.08,136.9
13-12-2017,61.42,164.9
15-12-2017,57.51,162.2
16-12-2017,88.16,146.94
17-12-2017,74.02,124.28
18-12-2017,86.31,143.85
19-12-2017,117.51,200.17
20-12-2017,215.31,358.85
21-12-2017,221.7,369.51
22-12-2017,106.4,177.52
23-12-2017,63.64,144.01
24-12-2017,121.81,203.02
25-12-2017,204.65,341.09
26-12-2017,165.31,275.52
27-12-2017,151.5,252.56
28-12-2017,147.79,275.11
29-12-2017,158.9,282.93
30-12-2017,204.97,341.61
31-12-2017,228.86,381.44
01-01-2018,264.23,440.58
02-01-2018,213.34,355.67
03-01-2018,163.06,271.84
04-01-2018,159.68,266.14
05-01-2018,176.3,293.84
06-01-2018,182.93,304.89
07-01-2018,144.45,240.75
08-01-2018,140.48,234.14
09-01-2018,179.06,298.51
10-01-2018,139.66,232.76
11-01-2018,109.41,183.35
12-01-2018,134.5,224.17
13-01-2018,177.84,296.4
14-01-2018,137.66,229.43
15-01-2018,141.07,235.16
16-01-2018,111.61,186.92
17-01-2018,202.35,337.25
18-01-2018,185.18,311.17
19-01-2018,226.74,378.45
20-01-2018,139.19,231.99
21-01-2018,135.11,225.18
22-01-2018,156.08,260.14
23-01-2018,130.8,218
24-01-2018,109.71,182.84
25-01-2018,82.75,140.3
26-01-2018,90.63,151.16
27-01-2018,125.39,209.86
28-01-2018,137.58,229.3
29-01-2018,152.78,246.85
30-01-2018,120.39,200.66
31-01-2018,114.71,191.19
01-02-2018,111.3,185.56
02-02-2018,127.54,212.56
03-02-2018,111.13,185.21
04-02-2018,135.32,218.67
05-02-2018,129.43,215.78
06-02-2018,125.34,208.9
07-02-2018,102.78,171.3
08-02-2018,136.35,227.25
09-02-2018,153.4,255.67
10-02-2018,154.75,257.92
11-02-2018,120.31,200.54
12-02-2018,57.36,95.6
13-02-2018,70.99,118.33
14-02-2018,60.09,100.16
15-02-2018,81.05,135.13
16-02-2018,68.67,114.47
17-02-2018,88.23,147.05
18-02-2018,92.45,154.09
19-02-2018,137.42,229.11
20-02-2018,151.53,252.56
21-02-2018,144.24,240.43
22-02-2018,135.81,226.36
23-02-2018,131.76,219.78
24-02-2018,147.8,246.33
25-02-2018,108.61,181.02
26-02-2018,51.58,85.97
27-02-2018,58.85,98.08
28-02-2018,130.05,216.75
01-03-2018,101.4,169
02-03-2018,83.4,139.1
03-03-2018,80.82,134.72
04-03-2018,69.3,115.51
05-03-2018,63.38,105.64
06-03-2018,54.69,91.14
07-03-2018,63.68,106.13
08-03-2018,89.58,149.31
09-03-2018,102.03,170.05
10-03-2018,62.16,103.6
11-03-2018,63.67,106.12
12-03-2018,61.91,139.02
13-03-2018,8,163.6
14-03-2018,8,164.75
15-03-2018,8,164.97
16-03-2018,30.5,168.21
17-03-2018,66.4,110.67
18-03-2018,68.21,113.7
19-03-2018,64.86,108.12
20-03-2018,89.43,149.05
21-03-2018,108.94,181.57
22-03-2018,57.11,115.17
23-03-2018,8,94.46
24-03-2018,8,130.01
25-03-2018,8,121.01
26-03-2018,8,120.84
27-03-2018,54.4,163.68
28-03-2018,121.67,157.98
29-03-2018,49.99,154.47
30-03-2018,45.86,207.36
31-03-2018,62.56,247.21
01-04-2018,NA,134.07
02-04-2018,139.1,184.9
03-04-2018,109.65,212.53
04-04-2018,286.31,207.15
05-04-2018,54.44,277.43
06-04-2018,46.88,218.12
07-04-2018,49.11,115.47
08-04-2018,30.42,93.32
09-04-2018,317.06,149.07
10-04-2018,273.74,218.54
11-04-2018,12.14,97.25
12-04-2018,20.62,76.07
13-04-2018,NA,111.28
14-04-2018,28.74,133.5
15-04-2018,55.47,199.61
16-04-2018,61.71,282.94
17-04-2018,33.07,212.36
18-04-2018,56.56,191.17
19-04-2018,39.53,219.14
20-04-2018,59.56,357.32
21-04-2018,88.47,317.59
22-04-2018,NA,155.11
23-04-2018,249.92,159.57
24-04-2018,51.47,190.99
25-04-2018,NA,237.64
26-04-2018,298.08,326.64
27-04-2018,NA,288.38
28-04-2018,35.14,277.19
29-04-2018,38.57,216.67
30-04-2018,97.61,166.66
01-05-2018,62.3,131.89
02-05-2018,140.51,136.3
03-05-2018,122.84,118.98
04-05-2018,96.48,125.19
05-05-2018,25.8,176.31
06-05-2018,140.07,238
07-05-2018,66.82,302.15
08-05-2018,113.2,123.91
09-05-2018,65.66,148.62
10-05-2018,24.55,186.44
11-05-2018,62.15,308.7
12-05-2018,62.66,373.74
13-05-2018,46.93,163.32
14-05-2018,73.22,94.4
15-05-2018,72.98,144.58
16-05-2018,97.24,211.99
17-05-2018,67.68,188.55
18-05-2018,170.53,163.77
19-05-2018,47.09,166.64
20-05-2018,33.03,129.88
21-05-2018,52.39,131.8
22-05-2018,80.6,187.3
23-05-2018,92.85,195.58
24-05-2018,80.38,166.25
25-05-2018,91.81,133.3
26-05-2018,228.19,143.43
27-05-2018,106.74,317.55
28-05-2018,112.43,214.36
29-05-2018,104.58,261.85
30-05-2018,91.46,309.25
31-05-2018,89.56,195.21
01-06-2018,88.35,188.32
02-06-2018,51.44,172.55
03-06-2018,55.71,160.49
04-06-2018,67.84,153.31
05-06-2018,54.38,121.26
06-06-2018,59,114.85
08-06-2018,52.31,141.42
09-06-2018,57.42,102.37
10-06-2018,57.43,102.98
11-06-2018,73.92,143.54
12-06-2018,192.84,479.04
13-06-2018,392.56,701.99
14-06-2018,268.87,604.04
15-06-2018,174.75,429.36
16-06-2018,153.21,359.45
17-06-2018,116.94,244.32
18-06-2018,67.44,130.39
19-06-2018,67.96,122.95
20-06-2018,73.57,150.13
21-06-2018,88.37,198.78
22-06-2018,124.18,217.6
23-06-2018,104.8,174.41
24-06-2018,84.72,154.49
25-06-2018,115.85,224.61
26-06-2018,54.2,106.04
27-06-2018,50.44,84.92
29-06-2018,61.18,68.36
30-06-2018,67.1,73.99
01-07-2018,33.94,50.15
02-07-2018,47.26,68.19
03-07-2018,53.96,76.55
04-07-2018,55.35,79.99
05-07-2018,54.37,91.39
06-07-2018,85.03,137.41
07-07-2018,56.1,117.86
08-07-2018,73.82,140.73
09-07-2018,69.37,129.83
10-07-2018,43.54,78.12
11-07-2018,39.52,77.66
12-07-2018,50.38,84.34
13-07-2018,26.66,40.64
14-07-2018,33.87,47.12
15-07-2018,30.8,52.52
16-07-2018,33.48,55.41
17-07-2018,30.56,56.82
18-07-2018,36.53,62.27
19-07-2018,38.05,59.71
20-07-2018,33.4,55.08
21-07-2018,35.35,63.11
22-07-2018,19.76,32.92
23-07-2018,30.06,50.39
24-07-2018,25.88,50.83
25-07-2018,25.23,50.53
26-07-2018,30.46,49.22
27-07-2018,15.47,26.03
28-07-2018,24.67,44.23
29-07-2018,85.01,109.25
30-07-2018,40.87,98.43
31-07-2018,53.17,120.43
01-08-2018,78.7,177.57
02-08-2018,99.5,229.19
03-08-2018,86.58,204.89
04-08-2018,93.38,220.58
05-08-2018,85.1,205.02
06-08-2018,62.12,123.66
07-08-2018,48.39,87.38
08-08-2018,32.16,58.04
09-08-2018,83.61,90
10-08-2018,37.62,81.19
11-08-2018,41.53,74.12
12-08-2018,27.07,62.12
13-08-2018,31.44,67.02
14-08-2018,48.99,95.86
15-08-2018,41.6,84.78
16-08-2018,30.9,61.58
17-08-2018,32.12,65.64
18-08-2018,30.58,53.8
19-08-2018,36.09,64.71
20-08-2018,55.67,94.12
21-08-2018,25.26,49.59
22-08-2018,29.53,53.45
23-08-2018,22.66,43.42
24-08-2018,23.38,52.22
25-08-2018,22.4,49.34
26-08-2018,27.13,56.96
27-08-2018,26.21,45.62
28-08-2018,40.35,45.21
29-08-2018,19.68,31.13
30-08-2018,40.58,78.14
31-08-2018,53.46,113.1
01-09-2018,42.98,76.59
02-09-2018,30.71,53.29
03-09-2018,34.67,58.51
04-09-2018,38.61,65.01
05-09-2018,54.44,83.45
06-09-2018,48.43,97.82
07-09-2018,32.44,59.08
08-09-2018,30.67,52.88
09-09-2018,18.88,33.65
10-09-2018,28.52,45.93
11-09-2018,26.84,51.86
12-09-2018,31.4,69.4
13-09-2018,34.29,80.32
14-09-2018,35.12,77.89
15-09-2018,35.48,79.63
16-09-2018,44.22,95.45
17-09-2018,60.96,125.72
18-09-2018,60.11,131.86
19-09-2018,65.53,143.38
20-09-2018,79.59,154.99
21-09-2018,49.56,79.27
22-09-2018,20.63,33.52
23-09-2018,28.32,44.2
24-09-2018,29.9,35.12
25-09-2018,11.26,15.03
26-09-2018,NA,NA
27-09-2018,NA,NA
28-09-2018,NA,NA
29-09-2018,NA,NA
30-09-2018,386.39,153.43
01-10-2018,NA,NA
02-10-2018,NA,NA
03-10-2018,77.23,242.83
04-10-2018,88.47,222.78
05-10-2018,108.36,252.7
06-10-2018,115.99,175.86
07-10-2018,57.76,204.28
08-10-2018,103.75,301.68
09-10-2018,91.36,242
10-10-2018,76.03,210.63
11-10-2018,65.31,205.71
12-10-2018,52.69,161.3
13-10-2018,85.92,219.4
14-10-2018,67,227.73
15-10-2018,84.13,264.25
16-10-2018,90.68,316.3
17-10-2018,116.04,297.52
18-10-2018,119.91,297.87
19-10-2018,127.31,304.56
20-10-2018,137.99,305.11
21-10-2018,115.87,264.21
22-10-2018,93.01,228.58
23-10-2018,97.31,262.82
24-10-2018,122.06,319.16
25-10-2018,128.21,330.62
26-10-2018,138.23,316.77
27-10-2018,140.89,315.11
28-10-2018,14.13,356.97
29-10-2018,100.57,405.65
30-10-2018,209.92,483.01
31-10-2018,157.07,387.47
01-11-2018,170.64,411.51
02-11-2018,196.72,393.48
03-11-2018,176.47,319.97
04-11-2018,128.12,240.58
05-11-2018,258.24,468.46
06-11-2018,120.75,239.59
07-11-2018,110.69,200.46
08-11-2018,245.52,348.17
09-11-2018,186,321.61
10-11-2018,196.51,369.7
11-11-2018,159.2,340.47
12-11-2018,169.93,567.75
13-11-2018,155.46,376.51
14-11-2018,91.48,181.16
15-11-2018,72.77,152.57
16-11-2018,101.59,185.37
17-11-2018,98.98,214.36
18-11-2018,99.97,220.56
19-11-2018,119.06,256.02
20-11-2018,154.95,322.87
21-11-2018,130.72,287.15
22-11-2018,84.19,209.9
23-11-2018,133.14,285.21
24-11-2018,65.26,168.15
25-11-2018,79.8,218.38
26-11-2018,125.37,309.89
27-11-2018,110.99,254.15
28-11-2018,112.69,231.33
29-11-2018,110.13,242.74
30-11-2018,100.04,232.3
01-12-2018,82.35,204.07
02-12-2018,70.31,168.77
03-12-2018,92.51,213.81
04-12-2018,102.42,219.14
05-12-2018,107.38,228.93
06-12-2018,115.94,252.2
07-12-2018,122.9,257.47
08-12-2018,126.32,248.55
09-12-2018,149.74,285.32
10-12-2018,172.97,328.81
11-12-2018,190.49,315.03
12-12-2018,196.69,230.9
13-12-2018,79.31,129.78
14-12-2018,73.7,119.7
15-12-2018,85.7,146.33
16-12-2018,96.53,173.1
17-12-2018,133.94,227.61
18-12-2018,142.77,228.38
19-12-2018,121.43,225.2
20-12-2018,155.76,262.53
21-12-2018,180.8,297.13
22-12-2018,237.95,366.22
23-12-2018,251.23,372.43
24-12-2018,222.17,342.97
25-12-2018,207.96,307.38
26-12-2018,145.48,221.27
27-12-2018,160.8,265.11
28-12-2018,176.46,268.3
29-12-2018,145.75,243.53
30-12-2018,183.6,294.35
31-12-2018,218.86,355.68
01-01-2019,196.82,333.47
02-01-2019,217.67,348.45
03-01-2019,244.3,385.52
04-01-2019,187.41,341.77
05-01-2019,194.72,330.54
06-01-2019,121.72,192.64
07-01-2019,108.67,195.31
08-01-2019,95.08,169.4
09-01-2019,82.69,162.56
10-01-2019,75.91,160.02
11-01-2019,185.78,340.24
12-01-2019,168.1,320.79
13-01-2019,184.14,333.98
14-01-2019,55.31,115.57
15-01-2019,61.76,129.06
16-01-2019,160.73,300.01
17-01-2019,213.09,394.49
18-01-2019,144.74,273.97
19-01-2019,128.73,288.2
20-01-2019,178.53,275.32
21-01-2019,104.57,181.34
22-01-2019,67.08,85.93
23-01-2019,104.22,165.75
24-01-2019,91.13,157.35
25-01-2019,58.98,96.97
26-01-2019,71.74,129.93
27-01-2019,70.47,140.68
28-01-2019,77.03,138.77
29-01-2019,83.41,146.27
30-01-2019,121.37,208.45
31-01-2019,119.57,213.82
01-02-2019,126.02,181.7
02-02-2019,167.92,188.23
03-02-2019,95.69,154.55
04-02-2019,91.39,153.54
05-02-2019,157.42,264.96
06-02-2019,110.06,163.34
07-02-2019,52.82,93.89
08-02-2019,50.49,118.73
09-02-2019,61.72,118.73
10-02-2019,93.05,142.07
11-02-2019,96.69,178.17
12-02-2019,142.52,298.52
13-02-2019,163.38,297.42
14-02-2019,93.98,177.17
15-02-2019,69.69,137.29
16-02-2019,61.11,130.57
17-02-2019,42.53,102.83
18-02-2019,NA,NA
19-02-2019,93.78,227.05
20-02-2019,60.3,142.69
21-02-2019,46.7,138.2
22-02-2019,39.21,96.54
23-02-2019,33.32,73.64
24-02-2019,51.34,106.44
25-02-2019,51.5,111.68
26-02-2019,36.29,90.99
27-02-2019,30.12,70.7
28-02-2019,52.15,116.38
01-03-2019,62.75,130.9
02-03-2019,61.22,106.62
03-03-2019,42.14,80.38
04-03-2019,59.4,127.05
05-03-2019,47.21,99.36
06-03-2019,41.87,104.3
07-03-2019,63.41,151.54
08-03-2019,56.65,127.85
09-03-2019,51.53,126.2
10-03-2019,49.16,122.09
11-03-2019,55.73,157.39
12-03-2019,48.18,122.15
13-03-2019,56.71,187.12
14-03-2019,72.72,175.19
15-03-2019,48.19,114.93
16-03-2019,49.36,111.2
17-03-2019,51.84,117.54
18-03-2019,59.96,127.39
19-03-2019,68.31,145.34
20-03-2019,60.69,174.34
21-03-2019,97.07,197.85
22-03-2019,28.65,82.79
23-03-2019,31.99,96.09
24-03-2019,33.29,101.94
25-03-2019,42.4,116.37
26-03-2019,50.23,118.94
27-03-2019,45.87,121.45
28-03-2019,58.58,170.52
29-03-2019,68.91,199.47
30-03-2019,73.14,171.96
31-03-2019,39.55,132.72
01-04-2019,30.47,109.37
02-04-2019,67.93,180.61
03-04-2019,72.08,155.08
04-04-2019,76.21,207.99
05-04-2019,75.87,242.55
06-04-2019,59.3,240.67
07-04-2019,82.62,276.37
08-04-2019,42.87,204.79
09-04-2019,62.71,156.1
10-04-2019,74.06,198.52
11-04-2019,52.74,141.95
12-04-2019,39.19,150.89
13-04-2019,40.23,109.87
14-04-2019,40.31,124.16
15-04-2019,50.84,131.77
16-04-2019,29.47,107.51
17-04-2019,18.57,33.2
18-04-2019,26.71,60.75
19-04-2019,54.55,111.19
20-04-2019,46.67,96.31
21-04-2019,75.56,172.85
22-04-2019,NA,NA
23-04-2019,NA,NA
24-04-2019,45.39,184.94
25-04-2019,57,186.92
26-04-2019,60.01,168.37
27-04-2019,53.62,186.38
28-04-2019,NA,NA
29-04-2019,47.46,167.27
30-04-2019,61.1,188.81
01-05-2019,82.67,238.45
02-05-2019,85.43,181.86
03-05-2019,38.56,102.12
04-05-2019,55.77,150.18
05-05-2019,77.67,155.61
06-05-2019,73.94,141.88
07-05-2019,73.85,237.16
08-05-2019,78.07,262.98
09-05-2019,74.97,290.03
10-05-2019,44.7,190.76
11-05-2019,72.99,228.48
12-05-2019,115.24,344.49
13-05-2019,117.3,240.78
14-05-2019,31.73,95.79
15-05-2019,49.19,140.1
16-05-2019,39.38,183.96
17-05-2019,41.59,199.52
18-05-2019,29.35,79.72
19-05-2019,50.73,110.44
20-05-2019,56.9,145.47
21-05-2019,49.22,132.85
22-05-2019,34.79,138.29
23-05-2019,65.66,167.61
24-05-2019,33.89,84.56
25-05-2019,34.74,88.96
26-05-2019,48.54,114.98
27-05-2019,70.43,147.94
28-05-2019,139.68,139.19
29-05-2019,36.54,104.41
30-05-2019,64.43,159.27
31-05-2019,45.89,243.77
01-06-2019,60.44,209.42
02-06-2019,77.74,205.82
03-06-2019,56.48,242.73
04-06-2019,55.76,152.25
05-06-2019,60.15,198.57
06-06-2019,48.82,197.9
07-06-2019,19.42,154.7
08-06-2019,79.69,145.21
09-06-2019,90.58,206.09
10-06-2019,55.92,165.68
11-06-2019,68.1,418
12-06-2019,44.46,235.55
13-06-2019,36.37,163.03
14-06-2019,34.81,158.14
15-06-2019,57.38,227.94
16-06-2019,19.51,130.86
17-06-2019,29.56,142.67
18-06-2019,30.44,78.63
19-06-2019,57.94,164.82
20-06-2019,59.3,112.33
21-06-2019,65.34,171.74
22-06-2019,89.47,166.34
23-06-2019,46.9,99.91
24-06-2019,26.74,57.88
25-06-2019,52.22,NA
26-06-2019,69.96,NA
27-06-2019,54.34,NA
28-06-2019,38.42,NA
29-06-2019,41.48,NA
30-06-2019,47.82,NA
01-07-2019,69.84,NA
02-07-2019,61.9,NA
03-07-2019,50.45,NA
04-07-2019,32.32,NA
05-07-2019,39.71,NA
06-07-2019,45.32,NA
07-07-2019,63.88,NA
08-07-2019,72.2,24.01
09-07-2019,36.24,NA
10-07-2019,63.4,NA
11-07-2019,61.94,NA
12-07-2019,54.07,NA
13-07-2019,58.84,NA
14-07-2019,54.81,NA
15-07-2019,52.47,NA
16-07-2019,28.6,NA
17-07-2019,45.32,NA
18-07-2019,24.82,NA
19-07-2019,61.42,NA
20-07-2019,37.88,NA
21-07-2019,74.48,NA
22-07-2019,64.27,73.81
23-07-2019,59.39,110.87
24-07-2019,54.63,90.96
25-07-2019,22.5,44.36
26-07-2019,24.58,37.48
27-07-2019,24.7,30.5
28-07-2019,17.34,27.27
29-07-2019,26.99,44.65
30-07-2019,27.35,58.35
31-07-2019,30,54.05
01-08-2019,38.89,48.08
02-08-2019,37.58,31.31
03-08-2019,28.43,42.8
04-08-2019,22.14,75.11
05-08-2019,23.75,80.1
06-08-2019,12.67,45.34
07-08-2019,15.75,62.45
08-08-2019,33.07,61.52
09-08-2019,20.56,43.84
10-08-2019,21.73,47.67
11-08-2019,19.01,50.79
12-08-2019,26.74,52.56
13-08-2019,23.38,62.02
14-08-2019,49.06,50.5
15-08-2019,NA,51.26
16-08-2019,33.48,33.6
17-08-2019,15.08,24.32
18-08-2019,20.26,37.52
19-08-2019,26.96,61.66
20-08-2019,42.48,99.77
21-08-2019,32.72,117.86
22-08-2019,16.11,88.7
23-08-2019,38.79,107.54
24-08-2019,54.96,127.51
25-08-2019,32.33,55.53
26-08-2019,28.68,57.33
27-08-2019,39.63,71.48
28-08-2019,38.5,73.77
29-08-2019,30.76,72.98
30-08-2019,38.77,54.99
31-08-2019,64.11,100.6
01-09-2019,14.9,62.47
02-09-2019,27.86,96.37
03-09-2019,41.93,151.94
04-09-2019,45.46,146.16
05-09-2019,22.94,81.51
06-09-2019,22.13,70.71
07-09-2019,16.33,64.49
08-09-2019,37.95,71.86
09-09-2019,41.07,111.87
10-09-2019,36.93,163.09
11-09-2019,72.95,174.02
12-09-2019,59.68,112.47
13-09-2019,36.07,70.03
14-09-2019,30.98,54.22
15-09-2019,38.42,61.65
16-09-2019,59.91,112.4
17-09-2019,73.87,141.32
18-09-2019,33.34,71.18
19-09-2019,23.09,42.78
20-09-2019,92.4,105.87
21-09-2019,33.38,64.92
22-09-2019,22.45,45.42
23-09-2019,30.43,54.12
24-09-2019,30.06,66.03
25-09-2019,32.46,77.24
26-09-2019,21.65,48.7
27-09-2019,15.81,35.19
28-09-2019,22.38,40.72
29-09-2019,22.18,32.6
30-09-2019,32.91,62.36
01-10-2019,33.06,75.34
02-10-2019,54.53,106.11
03-10-2019,47.3,102.87
04-10-2019,43.83,80.26
05-10-2019,33.78,86.17
06-10-2019,55.86,124.22
07-10-2019,48.41,118.23
08-10-2019,44.89,99.65
09-10-2019,68.57,157.17
10-10-2019,81.62,174.33
11-10-2019,76.2,161.06
12-10-2019,90.43,174.45
13-10-2019,103.36,201.26
14-10-2019,108.12,202.56
15-10-2019,125.16,247.59
16-10-2019,142.56,243.76
17-10-2019,121.75,209.83
18-10-2019,87.53,167.66
19-10-2019,76.43,138.38
20-10-2019,96.51,163.58
21-10-2019,109.66,186.71
22-10-2019,79.66,153.15
23-10-2019,103.7,211.54
24-10-2019,142.53,259.32
25-10-2019,120.74,201.71
26-10-2019,127.65,214.76
27-10-2019,197.88,277.44
28-10-2019,273.04,349.56
29-10-2019,256.92,372.07
30-10-2019,216.13,316.35
31-10-2019,261.68,360.56
01-11-2019,401.48,521.2
02-11-2019,376.17,469.21
03-11-2019,556.03,591.42
04-11-2019,249.74,303.74
05-11-2019,149.05,203.81
06-11-2019,99.21,169.56
07-11-2019,175.41,249.6
08-11-2019,153.71,218.55
09-11-2019,136.99,194.13
10-11-2019,173.61,228.56
11-11-2019,248.84,315.7
12-11-2019,373.7,496.35
13-11-2019,211.45,490.13
14-11-2019,220.43,511.29
15-11-2019,253.26,587.81
16-11-2019,103.34,240.43
17-11-2019,50.88,112.43
18-11-2019,45.17,99.92
19-11-2019,81.85,136.49
20-11-2019,121.65,186.29
21-11-2019,187.27,273.68
22-11-2019,171.5,258.22
23-11-2019,111.13,161.54
24-11-2019,110.38,152.69
25-11-2019,104.05,164.09
26-11-2019,105.36,180.97
27-11-2019,62.89,95.45
28-11-2019,33.32,56.67
29-11-2019,48.77,84.18
30-11-2019,71.33,113.57
01-12-2019,85.54,135.78
02-12-2019,96.3,151.66
03-12-2019,96.54,157.88
04-12-2019,117.63,194.06
05-12-2019,197.1,295.34
06-12-2019,234.58,328.04
07-12-2019,216.19,313.29
08-12-2019,198.66,276.91
09-12-2019,179.65,249.81
10-12-2019,194.09,276.56
11-12-2019,263.86,371.11
12-12-2019,252.92,341.18
13-12-2019,80.45,100.72
14-12-2019,62.42,95.12
15-12-2019,74.89,112.63
16-12-2019,59.91,88.48
17-12-2019,71.54,101.77
18-12-2019,102.21,156.94
19-12-2019,196.85,287.22
20-12-2019,209.93,314.4
21-12-2019,179.37,264.97
22-12-2019,109.26,153.82
23-12-2019,136.25,195.11
24-12-2019,223.72,345.25
25-12-2019,114.48,NA
26-12-2019,178.52,284.29
27-12-2019,174.21,288.66
28-12-2019,219.23,337.49
29-12-2019,294.46,451.04
30-12-2019,244.48,349.03
31-12-2019,219.51,292.27
01-01-2020,341.45,401.57
02-01-2020,189.82,228.03
03-01-2020,194.67,275.45
04-01-2020,166.93,237.16
05-01-2020,135.37,220.23
06-01-2020,118.83,205.02
07-01-2020,94.19,142.3
08-01-2020,96.32,132.61
09-01-2020,62.96,98.69
10-01-2020,94.25,151.37
11-01-2020,104.37,170.43
12-01-2020,129.87,208.9
13-01-2020,143.99,230.59
14-01-2020,66.17,101.5
15-01-2020,86.6,154.68
16-01-2020,102.36,161.83
17-01-2020,67.55,104.08
18-01-2020,85.92,144.27
19-01-2020,77.45,126.94
20-01-2020,75.07,135.97
21-01-2020,128.63,231.58
22-01-2020,126.2,211.09
23-01-2020,43.84,82.68
24-01-2020,43.37,84.08
25-01-2020,75.35,137.89
26-01-2020,118.86,194.79
27-01-2020,119.8,202.89
28-01-2020,85.92,121.77
29-01-2020,43.35,82.56
30-01-2020,56.81,116.89
31-01-2020,60.02,111.38
01-02-2020,61.91,122.51
02-02-2020,71.18,125.9
03-02-2020,88.13,167.67
04-02-2020,110.1,204.97
05-02-2020,103.13,180.81
06-02-2020,73.82,136.88
07-02-2020,108.61,196.6
08-02-2020,108.82,187.47
09-02-2020,105.15,183.4
10-02-2020,127.25,226.8
11-02-2020,135.32,247.18
12-02-2020,122.15,222.79
13-02-2020,55.88,107.23
14-02-2020,58.35,114.58
15-02-2020,45.46,99.69
16-02-2020,80,153.83
17-02-2020,96.61,183.85
18-02-2020,61.76,132.65
19-02-2020,56.28,164.34
20-02-2020,70.25,147.75
21-02-2020,41.51,68.36
22-02-2020,49.58,91.77
23-02-2020,73.1,136.85
24-02-2020,57.35,114.41
25-02-2020,76.36,160.19
26-02-2020,94.56,191.66
27-02-2020,76.39,149.27
28-02-2020,62.88,115.4
29-02-2020,50.78,91.13
01-03-2020,34.88,65.99
02-03-2020,64.08,132.67
03-03-2020,60.71,135.21
04-03-2020,68.2,150.09
05-03-2020,44.25,65.58
06-03-2020,27.38,35.6
07-03-2020,36.52,58.36
08-03-2020,48.04,77.43
09-03-2020,43.69,94.11
10-03-2020,50.17,110.32
11-03-2020,69.19,91.47
12-03-2020,40.89,126.39
13-03-2020,66.53,193.37
14-03-2020,35.6,77.46
15-03-2020,50.66,108.64
16-03-2020,47.92,116.64
17-03-2020,52.09,118.67
18-03-2020,57.43,134.25
19-03-2020,62.88,143.07
20-03-2020,72.94,148.82
21-03-2020,48.03,109.13
22-03-2020,68.34,120.43
23-03-2020,44.69,83.9
24-03-2020,49.31,86.16
25-03-2020,33.8,59.1
26-03-2020,53.22,60.45
27-03-2020,38.58,35.53
28-03-2020,24.67,26.38
29-03-2020,26.67,45.09
30-03-2020,32.85,48.85
31-03-2020,32.37,53.17
01-04-2020,37.48,51.03
02-04-2020,29.23,45.7
03-04-2020,30.85,49.3
04-04-2020,41.81,61.25
05-04-2020,48.28,79.2
06-04-2020,48.31,86.55
07-04-2020,28.62,70.59
08-04-2020,30.3,66.01
09-04-2020,35.14,58.29
10-04-2020,54.3,84.96
11-04-2020,51.85,88.75
12-04-2020,44.58,63.57
13-04-2020,55.87,107.43
14-04-2020,49.11,113.79
15-04-2020,47.39,153.17
16-04-2020,56.1,135.46
17-04-2020,38.35,63.28
18-04-2020,36.57,80.12
19-04-2020,42.47,54.87
20-04-2020,39.32,68.01
21-04-2020,36.07,65.81
22-04-2020,50.21,90.77
23-04-2020,50.38,89.23
24-04-2020,55.3,103
25-04-2020,40.47,49.58
26-04-2020,40.94,87.8
27-04-2020,37.2,43.72
28-04-2020,45.66,62.28
29-04-2020,54.74,90.45
30-04-2020,57.97,103.16
01-05-2020,56.78,121.44
02-05-2020,45.33,83.38
03-05-2020,44.02,68.04
04-05-2020,40.98,51.7
05-05-2020,55.54,90.58
06-05-2020,NA,134.15
07-05-2020,NA,77.15
08-05-2020,NA,92.21
09-05-2020,NA,106.94
10-05-2020,NA,89.13
11-05-2020,204.64,100.02
12-05-2020,47.25,92.43
13-05-2020,58.7,140.63
14-05-2020,65.69,130.84
15-05-2020,67.47,98.55
16-05-2020,74.59,121.91
17-05-2020,88.06,164.26
18-05-2020,96.79,154.91
19-05-2020,93.62,182.55
20-05-2020,87.09,149.86
21-05-2020,87.36,152.95
22-05-2020,116.78,183.33
23-05-2020,74.55,151.51
24-05-2020,NA,NA
25-05-2020,NA,NA
26-05-2020,55.46,172.14
27-05-2020,47.58,150.26
28-05-2020,32.5,207.62
29-05-2020,30.03,54.21
30-05-2020,26.14,43.18
31-05-2020,26.61,41.99
01-06-2020,43.36,76.8
02-06-2020,41.92,94.95
03-06-2020,36.21,103.47
04-06-2020,43.5,107.9
05-06-2020,33.1,64.1
06-06-2020,32.84,71.9
07-06-2020,42.2,87.38
08-06-2020,40.72,92.78
09-06-2020,52.51,134.71
10-06-2020,40.64,136.48
11-06-2020,39.62,112.88
12-06-2020,59.49,148.09
13-06-2020,47.5,131.6
14-06-2020,58.95,149.08
15-06-2020,43.21,111.91
16-06-2020,40.25,100.77
17-06-2020,30.59,80.06
18-06-2020,36.56,108.3
19-06-2020,47.8,247.83
20-06-2020,29.5,116.84
21-06-2020,33.71,94.81
22-06-2020,37.59,73.95
23-06-2020,30.12,55.8
24-06-2020,28.2,56.4
25-06-2020,30.22,73.1
26-06-2020,39.26,107.52
27-06-2020,31.44,147.79
28-06-2020,40.05,274.31
29-06-2020,32.94,141.04
30-06-2020,39.05,90.47
01-07-2020,58.31,132.28
02-07-2020,64.02,150.9
03-07-2020,60.09,141.73
04-07-2020,42.64,83.72
05-07-2020,40.74,59.84
06-07-2020,43.84,68.86
07-07-2020,18.38,30.01
08-07-2020,25.28,40.91
09-07-2020,27.85,48.78
10-07-2020,22.26,80.46
11-07-2020,24.6,55.66
12-07-2020,18.62,44.01
13-07-2020,29.8,111.21
14-07-2020,34.42,139.63
15-07-2020,40.88,97.08
16-07-2020,30.04,60.31
17-07-2020,48.16,79.66
18-07-2020,51.25,79.99
19-07-2020,27.2,44.96
20-07-2020,25.67,43.24
21-07-2020,27.64,39.06
22-07-2020,13.32,22.83
23-07-2020,33,57.77
24-07-2020,50.95,77.51
25-07-2020,27.42,52.51
26-07-2020,38.84,71.84
27-07-2020,26.6,67.02
28-07-2020,29.54,63.42
29-07-2020,31.73,49.72
30-07-2020,27.48,41.73
31-07-2020,31.91,59.03
01-08-2020,37.61,62.96
02-08-2020,28.3,52.47
03-08-2020,26.88,57.89
04-08-2020,34.35,60.9
05-08-2020,32.85,62.87
06-08-2020,17.17,35.91
07-08-2020,40.78,55.58
08-08-2020,42.83,70.18
09-08-2020,25.57,39.82
10-08-2020,33.09,50.17
11-08-2020,44.19,65.38
12-08-2020,26.97,51.38
13-08-2020,33.63,37.05
14-08-2020,21.66,37.93
15-08-2020,28.15,44.31
16-08-2020,30.36,43.11
17-08-2020,28.31,46.7
18-08-2020,32.88,52.64
19-08-2020,21.92,30.66
20-08-2020,28.96,34.33
21-08-2020,30.44,43.55
22-08-2020,27.04,29.94
23-08-2020,NA,NA
24-08-2020,21.74,35.74
25-08-2020,21.02,31.42
26-08-2020,21.74,37.03
27-08-2020,33.36,44.99
28-08-2020,34.87,54.77
29-08-2020,31,52.39
30-08-2020,18.13,30.47
31-08-2020,14.81,29.22
01-09-2020,17.53,38.55
02-09-2020,20.87,42.67
03-09-2020,35.85,60.48
04-09-2020,33.71,59.17
05-09-2020,28.31,46.49
06-09-2020,24.61,38.91
07-09-2020,38.8,68.11
08-09-2020,29.77,53.82
09-09-2020,53.49,96.35
10-09-2020,51.45,96.98
11-09-2020,62.92,128.1
12-09-2020,63.7,128.24
13-09-2020,69.98,130.7
14-09-2020,71.71,126.27
15-09-2020,62.27,114.56
16-09-2020,67.91,138.98
17-09-2020,42.17,88.74
18-09-2020,35.77,79.79
19-09-2020,65.19,129.02
20-09-2020,66.21,126.73
21-09-2020,69.8,132.26
22-09-2020,47.58,88.25
23-09-2020,36.18,66.59
24-09-2020,39.66,75.5
25-09-2020,50.71,105.55
26-09-2020,50.59,123.72
27-09-2020,32.9,88.51
28-09-2020,53.81,154.07
29-09-2020,59.01,152.09
30-09-2020,51.89,129.34
01-10-2020,52.65,135.74
02-10-2020,60.93,142.15
03-10-2020,73.67,156.14
04-10-2020,69.8,147.74
05-10-2020,65.37,151.82
06-10-2020,68.03,154.44
07-10-2020,72.61,156.9
08-10-2020,75.26,162.11
09-10-2020,81.03,168.14
10-10-2020,83.41,182.81
11-10-2020,81.72,166.58
12-10-2020,104.68,202.29
13-10-2020,121.34,217.12
14-10-2020,112.91,197.69
15-10-2020,122.49,209.41
16-10-2020,82.23,158.38
17-10-2020,108.46,208.34
18-10-2020,100.84,184.94
19-10-2020,97.42,183.52
20-10-2020,88.22,166.59
21-10-2020,78.11,156.93
22-10-2020,112.51,204.37
23-10-2020,194.25,302.16
24-10-2020,138.99,243.12
25-10-2020,154.52,259.06
26-10-2020,128.97,235.08
27-10-2020,145.72,240.14
28-10-2020,159.52,264.33
29-10-2020,206.35,327.16
30-10-2020,190.48,304.9
31-10-2020,239.91,346.95
01-11-2020,215.37,318.57
02-11-2020,113,199.94
03-11-2020,80.26,151.43
04-11-2020,269.87,319.4
05-11-2020,243.37,301.09
06-11-2020,236.02,356.35
07-11-2020,324.77,443.65
08-11-2020,351.1,482.17
09-11-2020,516.11,665.41
10-11-2020,450.48,510.65
11-11-2020,117.45,209.88
12-11-2020,116.56,210.32
13-11-2020,137.68,246.09
14-11-2020,340.53,503.74
15-11-2020,230.75,330.07
16-11-2020,78.78,108.16
17-11-2020,67.22,109.81
18-11-2020,96.76,157.61
19-11-2020,111.26,189.5
20-11-2020,131.09,216.73
21-11-2020,109.88,178.85
22-11-2020,110.67,187.88
23-11-2020,119.3,208.56
24-11-2020,151.57,262.49
25-11-2020,196.06,327.86
26-11-2020,92.35,154.59
27-11-2020,61.04,104.16
28-11-2020,82.01,141.47
29-11-2020,94.21,168.56
30-11-2020,132.44,226.33
01-12-2020,170.09,279.42
02-12-2020,148.73,243.91
03-12-2020,137.26,237.41
04-12-2020,180.54,298.3
05-12-2020,217.22,329.65
06-12-2020,199.97,317.15
07-12-2020,213.02,360.24
08-12-2020,152.6,267.53
09-12-2020,142.91,254.83
10-12-2020,106.69,210.08
11-12-2020,127.08,237.75
12-12-2020,178.26,300.93
13-12-2020,77.6,133.72
14-12-2020,60.72,103.92
15-12-2020,94.64,161.67
16-12-2020,99.59,162.4
17-12-2020,104.38,167.85
18-12-2020,80.89,138.35
19-12-2020,115.63,192.45
20-12-2020,129.18,214.38
21-12-2020,137.34,229.62
22-12-2020,208.51,330.47
23-12-2020,240.12,375.35
24-12-2020,238.75,382.41
25-12-2020,156.15,259.95
26-12-2020,138.73,232.01
27-12-2020,207.21,355.55
28-12-2020,81.23,217.76
29-12-2020,103.38,233.07
30-12-2020,134.16,214
31-12-2020,164.56,290.61
01-01-2021,266.05,465.81
02-01-2021,229.09,368.12
03-01-2021,130.01,174.87
04-01-2021,51.42,71.99
05-01-2021,52.74,77.46
06-01-2021,107.1,156.93
07-01-2021,85.3,144.11
08-01-2021,89.41,166.45
09-01-2021,109.43,188.58
10-01-2021,78.93,136.9
11-01-2021,81.45,131.6
12-01-2021,118.85,177.56
13-01-2021,180.2,267.68
14-01-2021,300.07,443.63
15-01-2021,264.03,395.49
16-01-2021,181.61,277.78
17-01-2021,168.58,260.43
18-01-2021,162.63,252.58
19-01-2021,208.73,329.85
20-01-2021,88.44,144.96
21-01-2021,105.71,169.19
22-01-2021,166.79,242.1
23-01-2021,126.95,195.54
24-01-2021,143.28,239.37
25-01-2021,123.72,228.3
26-01-2021,119.97,234.31
27-01-2021,123.7,245.23
28-01-2021,184.82,322.89
29-01-2021,151.91,264.23
30-01-2021,105.06,191.01
31-01-2021,110.47,213.82
01-02-2021,133.15,239.26
02-02-2021,153.11,269.1
03-02-2021,133.23,218.44
04-02-2021,113.62,182.51
05-02-2021,60.39,107.98
06-02-2021,69.42,129.13
07-02-2021,95.68,169.88
08-02-2021,119.51,283.24
09-02-2021,131.27,225.21
10-02-2021,117.15,229.2
11-02-2021,152.28,285.45
12-02-2021,172.89,331.41
13-02-2021,135.13,218.61
14-02-2021,118.98,282.77
15-02-2021,133.44,245.64
16-02-2021,98.28,270.82
17-02-2021,90.26,255.69
18-02-2021,91.58,240.61
19-02-2021,99.4,278.84
20-02-2021,63.96,178.65
21-02-2021,88.68,236.77
22-02-2021,80.72,198.18
23-02-2021,89.62,181.3
24-02-2021,101.18,181.97
25-02-2021,82.78,197.76
26-02-2021,56.98,164.44
27-02-2021,43.29,168.87
28-02-2021,61.44,201.24
01-03-2021,53.81,150.1
02-03-2021,63.13,154.13
03-03-2021,NA,NA
04-03-2021,NA,NA
05-03-2021,136.44,167.12
06-03-2021,76.29,160.61
07-03-2021,76.76,192.14
08-03-2021,84.6,203.61
09-03-2021,107.33,236.36
10-03-2021,50.78,116.72
11-03-2021,NA,210.74
12-03-2021,NA,144.72
13-03-2021,111.09,144.71
14-03-2021,76.91,151.41
15-03-2021,71.84,162.46
16-03-2021,243.74,265.43
17-03-2021,94.22,304.7
18-03-2021,84.47,324.23
19-03-2021,70.06,235.35
20-03-2021,58.76,186.63
21-03-2021,69.46,215.23
22-03-2021,53.78,203.6
23-03-2021,54.07,195.55
24-03-2021,NA,121.66
25-03-2021,121.4,103.2
26-03-2021,59.56,121.55
27-03-2021,NA,165.89
28-03-2021,NA,214.14
29-03-2021,NA,187.48
30-03-2021,198.07,279.09
31-03-2021,NA,199.3
01-04-2021,32.5,158.39
02-04-2021,52.93,147.58
03-04-2021,41.03,106.6
04-04-2021,60.64,145.46
05-04-2021,69.07,201.95
06-04-2021,95.25,270.42
07-04-2021,50.09,207.46
08-04-2021,32.27,117.68
09-04-2021,49.33,134.62
10-04-2021,43.09,127.91
11-04-2021,51.53,152.9
12-04-2021,70.91,203.08
13-04-2021,59.64,184.32
14-04-2021,45.95,164.29
15-04-2021,48.25,194.51
16-04-2021,62.97,207.69
17-04-2021,31.47,78.46
18-04-2021,43.07,136.05
19-04-2021,54.09,180.3
20-04-2021,45.98,154.31
21-04-2021,32.38,95.19
22-04-2021,34.32,101.02
23-04-2021,38.08,111.58
24-04-2021,39.18,101.8
25-04-2021,66.92,176.41
26-04-2021,86.82,220.24
27-04-2021,100.86,271.98
28-04-2021,109.08,293.58
29-04-2021,106.76,317.83
30-04-2021,78.63,304.06
01-05-2021,49.36,178.28
02-05-2021,44.58,162.97
03-05-2021,51.47,257.16
04-05-2021,43.4,167.67
05-05-2021,48.81,133.61
06-05-2021,43.18,104.63
07-05-2021,43.35,91.13
08-05-2021,45.06,90.5
09-05-2021,49.36,98.35
10-05-2021,52.03,102.04
11-05-2021,45.93,96.82
12-05-2021,28.52,88.76
13-05-2021,32.39,68.62
14-05-2021,34.24,75.66
15-05-2021,34.74,133.24
16-05-2021,44.51,109.08
17-05-2021,59.28,125.2
18-05-2021,19.24,45.48
19-05-2021,44.38,43.46
20-05-2021,41.71,52.81
21-05-2021,21.69,44.19
22-05-2021,35.34,60.19
23-05-2021,96.11,362.22
24-05-2021,33.46,102.68
25-05-2021,33.9,96.93
26-05-2021,37.95,99.94
27-05-2021,46.4,115.3
28-05-2021,29.19,77.17
29-05-2021,24.45,67.7
30-05-2021,24.77,48.67
31-05-2021,33.95,58.26
01-06-2021,36.92,97.49
02-06-2021,42.42,93.01
03-06-2021,49.06,119.71
04-06-2021,51.94,99.29
05-06-2021,41.05,58.27
06-06-2021,33.2,91.3
07-06-2021,38.35,117.72
08-06-2021,42.44,216.68
09-06-2021,41.71,174.6
10-06-2021,47.06,167.6
11-06-2021,40.13,88.89
12-06-2021,30.65,52.76
13-06-2021,32.8,48.86
14-06-2021,35.54,78.39
15-06-2021,31.43,85
16-06-2021,29.32,80.28
17-06-2021,32.26,93.5
18-06-2021,25.58,42.6
19-06-2021,21.96,30.4
20-06-2021,22.38,28.94
21-06-2021,32.46,45.33
22-06-2021,44.91,91.75
23-06-2021,61.73,214.06
24-06-2021,39.93,114.37
25-06-2021,57.79,137.88
26-06-2021,38.6,67.36
27-06-2021,64.27,95.94
28-06-2021,65.24,96.07
29-06-2021,94.25,165.91
30-06-2021,105.55,227.88
01-07-2021,106.65,182.91
02-07-2021,NA,NA
03-07-2021,24.99,130.6
04-07-2021,30.01,81.98
05-07-2021,35.82,90.41
06-07-2021,60.26,129.53
07-07-2021,27.66,147.78
08-07-2021,41.29,163.9
09-07-2021,37.89,106.31
10-07-2021,23.05,63.23
11-07-2021,35.96,81.63
12-07-2021,26.73,77.44
13-07-2021,23.85,35.81
14-07-2021,26.1,46.4
15-07-2021,33.13,42.57
16-07-2021,33.9,47.26
17-07-2021,35.68,39.19
18-07-2021,21.51,27.85
19-07-2021,39.02,11.39
20-07-2021,26.58,31.64
21-07-2021,32.43,58.46
22-07-2021,21.86,42.04
23-07-2021,31.1,51.66
24-07-2021,34.91,67.39
25-07-2021,29.12,64.09
26-07-2021,36.5,72.19
27-07-2021,25.15,52.77
28-07-2021,17.59,30.87
29-07-2021,29.63,47.4
30-07-2021,29.45,40.18
31-07-2021,19.1,37.87
01-08-2021,31.38,59.78
02-08-2021,33.34,59.53
03-08-2021,20.67,45.67
04-08-2021,18.56,40.2
05-08-2021,28.41,65.71
06-08-2021,51.16,78.54
07-08-2021,29.75,64.48
08-08-2021,35.13,58.64
09-08-2021,37.19,69.62
10-08-2021,27.7,81.22
11-08-2021,21.55,57.75
12-08-2021,23.04,61.68
13-08-2021,26.96,78.02
14-08-2021,23.99,82.65
15-08-2021,31.93,99.2
16-08-2021,37.66,109.5
17-08-2021,38.65,132.58
18-08-2021,62.69,141.26
19-08-2021,62.75,157.23
20-08-2021,36.35,70.09
21-08-2021,23.16,31.73
22-08-2021,36.79,53.33
23-08-2021,29.09,49.49
24-08-2021,41.52,70.98
25-08-2021,28.21,79.41
26-08-2021,32.12,99.49
27-08-2021,37.22,127.3
28-08-2021,46.76,119.26
29-08-2021,41.1,99.4
30-08-2021,26.04,40.65
31-08-2021,19.87,30.02
01-09-2021,25.99,32.12
02-09-2021,31.25,41.96
03-09-2021,41.61,49.96
04-09-2021,24.42,50.04
05-09-2021,29.41,58.16
06-09-2021,36.04,73.96
07-09-2021,35.06,67.44
08-09-2021,13.84,35.43
09-09-2021,NA,NA
10-09-2021,57.49,53.48
11-09-2021,23.44,26.93
12-09-2021,29.79,41.25
13-09-2021,35.82,58.3
14-09-2021,31.16,59.52
15-09-2021,15.69,44.69
16-09-2021,15.52,41.43
17-09-2021,18.2,42.42
18-09-2021,24.22,50.31
19-09-2021,26.46,57.49
20-09-2021,26.63,59.59
21-09-2021,30.31,69.92
22-09-2021,29.17,54.09
23-09-2021,21.02,42.52
24-09-2021,20.3,40.46
25-09-2021,31.75,65.65
26-09-2021,42.57,62.89
27-09-2021,44.31,95.42
28-09-2021,39.15,76.24
29-09-2021,28.88,52.72
30-09-2021,29.99,67.43
01-10-2021,35.79,76.05
02-10-2021,41.47,84.41
03-10-2021,24.97,63.63
04-10-2021,27,95.73
05-10-2021,38.51,78.22
06-10-2021,36.69,80.89
07-10-2021,57.62,118.52
08-10-2021,61.8,153.96
09-10-2021,51.09,153.45
10-10-2021,50.13,152.79
11-10-2021,52.92,131.69
12-10-2021,54.41,152.16
13-10-2021,60.92,159.76
14-10-2021,59.46,150.55
15-10-2021,77.36,173.79
16-10-2021,137.99,254.23
17-10-2021,94.84,155.43
18-10-2021,20.62,27.17
19-10-2021,41.1,74.84
20-10-2021,77,162.25
21-10-2021,54.09,171.98
22-10-2021,45.56,124.94
23-10-2021,46.88,116.3
24-10-2021,50.44,102.96
25-10-2021,34.87,69.8
26-10-2021,56.83,124.4
27-10-2021,84.62,191.62
28-10-2021,103.95,215.29
29-10-2021,121.04,208.86
30-10-2021,92.13,189.67
31-10-2021,105.66,223.86
01-11-2021,94.27,201.08
02-11-2021,120.03,234.83
03-11-2021,124.58,235.37
04-11-2021,304.15,459.29
05-11-2021,405.31,506.96
06-11-2021,302.71,466.61
07-11-2021,197.35,327.71
08-11-2021,202.69,347.62
09-11-2021,267.26,424.63
10-11-2021,207.98,365.13
11-11-2021,232.65,399.92
12-11-2021,354.14,553.18
13-11-2021,219.62,369.07
14-11-2021,123.06,230.68
15-11-2021,159.42,268.53
16-11-2021,216.67,326.68
17-11-2021,142.26,230.46
18-11-2021,149.51,240.91
19-11-2021,158.86,268.23
20-11-2021,170.38,278.91
21-11-2021,161.05,256.29
22-11-2021,109.3,189.46
23-11-2021,105.89,178.94
24-11-2021,129.22,223.38
25-11-2021,167.8,291.91
26-11-2021,192.72,334.21
27-11-2021,161.97,278.28
28-11-2021,178.86,303.79
29-11-2021,158.41,282.22
30-11-2021,125.5,236
01-12-2021,149.82,290.03
02-12-2021,176.26,311.82
03-12-2021,118.71,216.39
04-12-2021,93.2,186.33
05-12-2021,97.24,194.19
06-12-2021,99.34,170.55
07-12-2021,96.8,140.18
08-12-2021,82.11,136.77
09-12-2021,94.54,163.59
10-12-2021,104.12,177.23
11-12-2021,76.28,141.75
12-12-2021,94.99,170.35
13-12-2021,111.22,192.35
14-12-2021,170.03,279.63
15-12-2021,138.09,232.64
16-12-2021,160.64,262.73
17-12-2021,124.41,208.21
18-12-2021,96.01,162.66
19-12-2021,96.3,164.56
20-12-2021,103.66,183.52
21-12-2021,134.05,235.11
22-12-2021,178.8,308.38
23-12-2021,222.33,368.71
24-12-2021,178.19,299.23
25-12-2021,222.75,347.93
26-12-2021,234.5,359.23
27-12-2021,85.15,135.24
28-12-2021,98.45,154.52
29-12-2021,99.82,156.17
30-12-2021,103.52,189.4
31-12-2021,129.58,224.82
01-01-2022,162.19,265.24
02-01-2022,172.11,271.9
03-01-2022,161.91,255.93
04-01-2022,162,270.63
05-01-2022,177.1,271.2
06-01-2022,95.78,140.01
07-01-2022,70.94,96.98
08-01-2022,39.08,48.44
09-01-2022,35.21,49.64
10-01-2022,65.02,100.17
11-01-2022,70.76,107.38
12-01-2022,66.63,119.42
13-01-2022,176.66,330.63
14-01-2022,124.74,281.98
15-01-2022,53.68,127.64
16-01-2022,NA,NA
17-01-2022,NA,NA
18-01-2022,122.26,210.99
19-01-2022,122.48,249.51
20-01-2022,140.54,250.79
21-01-2022,128.36,213.23
22-01-2022,88.14,138.92
23-01-2022,65.22,106.95
24-01-2022,50.44,88.55
25-01-2022,76.08,146.46
26-01-2022,71.58,139.19
27-01-2022,62.94,108.11
28-01-2022,62.11,109.25
29-01-2022,77.75,149.75
30-01-2022,93.23,160.08
31-01-2022,131.27,222.24
01-02-2022,124.12,209.92
02-02-2022,107.4,188.11
03-02-2022,103.04,171.87
04-02-2022,33.21,59.74
05-02-2022,68.61,123.35
06-02-2022,63.96,123.9
07-02-2022,75.82,152.05
08-02-2022,85.76,172.87
09-02-2022,56.81,118.55
10-02-2022,49.04,102.22
11-02-2022,51.98,113.47
12-02-2022,50.79,111.84
13-02-2022,67.2,146.89
14-02-2022,56.62,128.54
15-02-2022,51.48,126.81
16-02-2022,84.49,192.75
17-02-2022,69.21,147.89
18-02-2022,74.49,168.29
19-02-2022,53.7,117.75
20-02-2022,57.25,111.67
21-02-2022,48.08,128.09
22-02-2022,58.86,162.28
23-02-2022,89.3,175.81
24-02-2022,98.06,209.05
25-02-2022,88.98,181.57
26-02-2022,16.46,43.82
27-02-2022,26.21,54.72
28-02-2022,31.22,66.8
01-03-2022,56.83,111.55
02-03-2022,70.29,144.96
03-03-2022,57.69,118.03
04-03-2022,52.66,104.96
05-03-2022,35.79,72.16
06-03-2022,52.26,110.34
07-03-2022,75.45,150.9
08-03-2022,81.04,165.59
09-03-2022,39.25,97.31
10-03-2022,47.44,102.11
11-03-2022,48.95,108.95
12-03-2022,42.11,95.82
13-03-2022,63.7,137.65
14-03-2022,86.93,183.23
15-03-2022,84.4,172.1
16-03-2022,60.18,129.29
17-03-2022,83.54,165.45
18-03-2022,105.68,187.62
19-03-2022,78.12,147.67
20-03-2022,72.42,157.57
21-03-2022,99.79,218.82
22-03-2022,101.87,137.25
23-03-2022,63.4,169.56
24-03-2022,63.99,185.24
25-03-2022,63.98,148.68
26-03-2022,43.87,126.77
27-03-2022,45.38,133.03
28-03-2022,52.23,144.74
29-03-2022,57.83,162.38
30-03-2022,78.06,209.77
31-03-2022,123.83,223.52
01-04-2022,46.02,123.21
02-04-2022,70.07,168.76
03-04-2022,68.49,171.8
04-04-2022,52.56,155.15
05-04-2022,80.41,173.76
06-04-2022,67.2,162.51
07-04-2022,63.82,149.6
08-04-2022,56.84,146.14
09-04-2022,54.8,147.56
10-04-2022,49.95,148.84
11-04-2022,49.94,145.08
12-04-2022,48.93,154.77
13-04-2022,58.04,187.25
14-04-2022,38.82,185.71
15-04-2022,44.09,149.59
16-04-2022,60.24,174.88
17-04-2022,63.9,170.67
18-04-2022,64.04,170.5
19-04-2022,64.62,208.96
20-04-2022,55.4,175.29
21-04-2022,50.74,221.71
22-04-2022,40.1,148.1
23-04-2022,64.27,184.22
24-04-2022,77.87,222.49
25-04-2022,67.97,203.03
26-04-2022,48.99,150.13
27-04-2022,90.6,196.8
28-04-2022,103.53,221.01
29-04-2022,59.96,152.91
30-04-2022,53.4,136.97
01-05-2022,53.5,165.24
02-05-2022,52.59,165.47
03-05-2022,69.74,230.51
04-05-2022,53.79,139.83
05-05-2022,46.26,107.45
06-05-2022,68.74,170
07-05-2022,50.28,123.04
08-05-2022,62.69,133.61
09-05-2022,53.08,109.45
10-05-2022,53.05,104.9
11-05-2022,51.56,104.6
12-05-2022,53.61,117.17
13-05-2022,103.42,148.27
14-05-2022,NA,NA
15-05-2022,NA,NA
16-05-2022,179.83,415.67
17-05-2022,56.81,264.44
18-05-2022,70.13,238.83
19-05-2022,116.48,258.39
20-05-2022,59.61,290.61
21-05-2022,62.36,298.73
22-05-2022,45.72,179.03
23-05-2022,46.67,64.12
24-05-2022,17.65,27.74
25-05-2022,52.47,135.5
26-05-2022,61.75,175.13
27-05-2022,59.72,185.84
28-05-2022,57.81,319.46
29-05-2022,51.09,286.79
30-05-2022,52.23,186.4
31-05-2022,71.37,329.96
01-06-2022,66.82,280.96
02-06-2022,51.87,245.27
03-06-2022,62.19,251.54
04-06-2022,52.35,200.41
05-06-2022,36.98,209.59
06-06-2022,39.11,190.9
07-06-2022,63.83,392.23
08-06-2022,49.36,322.66
09-06-2022,40.16,256.38
10-06-2022,48.35,316.61
11-06-2022,42.65,260.94
12-06-2022,48.21,261.12
13-06-2022,37.77,191.71
14-06-2022,31.16,192.96
15-06-2022,35.57,104.56
16-06-2022,26,112.38
17-06-2022,21.13,67.71
18-06-2022,29.35,64.88
19-06-2022,23.75,65.75
20-06-2022,33.23,92.87
21-06-2022,34.96,97.85
22-06-2022,40.78,127.74
23-06-2022,46.14,171.17
24-06-2022,58.37,228.3
25-06-2022,59.33,225
26-06-2022,55.75,156.72
27-06-2022,52.51,121.05
28-06-2022,65.44,150.72
29-06-2022,43.08,160.01
30-06-2022,19.11,49.34
01-07-2022,25.66,49.27
02-07-2022,28.95,63.57
03-07-2022,24.93,53.71
04-07-2022,39.89,88.56
05-07-2022,45.88,101.73
06-07-2022,58.75,93.56
07-07-2022,39.62,81.76
08-07-2022,35.71,82.61
09-07-2022,38.93,94.11
10-07-2022,26.12,54.93
11-07-2022,34.99,77.31
12-07-2022,52.24,90.67
13-07-2022,79.42,94.02
14-07-2022,33.33,64.79
15-07-2022,34.18,64.2
16-07-2022,26.75,47.14
17-07-2022,36.15,56.15
18-07-2022,44.33,82.45
19-07-2022,35.42,77.8
20-07-2022,33.48,54.65
21-07-2022,37.53,53.54
22-07-2022,47.42,85.13
23-07-2022,38.92,45.85
24-07-2022,29.97,46.1
25-07-2022,31.79,44.54
26-07-2022,32.13,49.42
27-07-2022,34.51,51.32
28-07-2022,31.36,38.99
29-07-2022,32.26,38.32
30-07-2022,30.37,45.62
31-07-2022,33.68,51.53
01-08-2022,33.4,52.52
02-08-2022,24.59,59.41
03-08-2022,33.39,96.97
04-08-2022,36.02,66.89
05-08-2022,25.14,47.04
06-08-2022,39.47,84.87
07-08-2022,25.36,61.24
08-08-2022,37.56,67.37
09-08-2022,28.24,71.78
10-08-2022,51.18,62
11-08-2022,70.67,52.92
12-08-2022,14.14,44.23
13-08-2022,21.19,49.41
14-08-2022,17.2,41.83
15-08-2022,16.39,36.14
16-08-2022,17.06,40.11
17-08-2022,15.37,33.38
18-08-2022,21.7,46.83
19-08-2022,14.9,37.21
20-08-2022,23.08,75.65
21-08-2022,33.9,97.58
22-08-2022,29.87,78.06
23-08-2022,23.38,56.23
24-08-2022,19.24,50.03
25-08-2022,15.4,46.02
26-08-2022,66.07,88.28
27-08-2022,21.17,80.15
28-08-2022,28.36,119.82
29-08-2022,31.06,118.91
30-08-2022,36.37,101.42
31-08-2022,35.66,113.55
01-09-2022,48.04,100.98
02-09-2022,31.07,96.68
03-09-2022,21.63,73.18
04-09-2022,19.28,60.94
05-09-2022,20.5,71.1
06-09-2022,30.18,108.85
07-09-2022,32.41,105.7
08-09-2022,54.1,140.64
09-09-2022,52.41,119.39
10-09-2022,43.63,90.52
11-09-2022,66.48,75.86
12-09-2022,67.9,84.6
13-09-2022,14.28,43.07
14-09-2022,12.43,39.84
15-09-2022,15.11,30.56
16-09-2022,11.59,22.36
17-09-2022,24.14,74.9
18-09-2022,29.81,101.3
19-09-2022,44.32,145.25
20-09-2022,45.28,101
21-09-2022,26.11,76.26
22-09-2022,28.12,33.18
23-09-2022,18.02,34.65
24-09-2022,28.51,34.37
25-09-2022,17.18,38.69
26-09-2022,32.33,88.26
27-09-2022,29.96,87.98
28-09-2022,56.58,116.55
29-09-2022,46.96,125.68
30-09-2022,60.32,154.84
01-10-2022,52.32,161.7
02-10-2022,47.02,144.5
03-10-2022,27.62,109.73
04-10-2022,43.74,142.75
05-10-2022,62.27,159.72
06-10-2022,12.34,36.65
07-10-2022,11.59,31.65
08-10-2022,7.96,15.9
09-10-2022,8.15,11.88
10-10-2022,12.1,21.32
11-10-2022,23.77,60.22
12-10-2022,37.01,96.92
13-10-2022,37.8,104.36
14-10-2022,52.25,156.9
15-10-2022,64.11,173.63
16-10-2022,71.27,187.08
17-10-2022,73.38,206.22
18-10-2022,72.49,199.31
19-10-2022,82.3,193.33
20-10-2022,76.86,197.37
21-10-2022,90.83,207.41
22-10-2022,89.3,204.1
23-10-2022,98.49,202.69
24-10-2022,150.06,248.54
25-10-2022,128.95,227.21
26-10-2022,115.35,227.89
27-10-2022,135.6,255.87
28-10-2022,176.37,317.13
29-10-2022,183.74,340.73
30-10-2022,157.27,295.21
31-10-2022,213.68,388.32
01-11-2022,230.66,404.35
02-11-2022,180.97,358.54
03-11-2022,360.56,580.15
04-11-2022,261.39,446.18
05-11-2022,173.15,305.74
06-11-2022,153.28,286.22
07-11-2022,138.45,266.4
08-11-2022,185.22,324.79
09-11-2022,97.42,176.38
10-11-2022,106.44,202.66
11-11-2022,173.05,297.35
12-11-2022,127.14,222.42
13-11-2022,122.23,218.67
14-11-2022,91,178.24
15-11-2022,73.99,158.56
16-11-2022,83.89,160.53
17-11-2022,143.97,248.66
18-11-2022,90.22,149
19-11-2022,NA,NA
20-11-2022,NA,NA
21-11-2022,87.91,181.59
22-11-2022,72.38,152.12
23-11-2022,NA,NA
24-11-2022,64.22,161.85
25-11-2022,97.72,220.03
26-11-2022,129.32,267.94
27-11-2022,112.71,226.5
28-11-2022,122.67,243.35
29-11-2022,150.99,298.2
30-11-2022,147.04,265.68
01-12-2022,142.6,268.77
02-12-2022,131.73,257.31
03-12-2022,140.35,260.31
04-12-2022,170.29,300.97
05-12-2022,153.81,320.19
06-12-2022,129.67,244.06
07-12-2022,94.56,171.76
08-12-2022,123.75,270.63
09-12-2022,105.05,223.91
10-12-2022,114.33,249.99
11-12-2022,83.15,188.04
12-12-2022,52.37,131.75
13-12-2022,48.23,121.26
14-12-2022,47.05,125.69
15-12-2022,48.42,128.95
16-12-2022,76.67,147.33
17-12-2022,110.46,180.36
18-12-2022,154.74,284.78
19-12-2022,192.67,352.58
20-12-2022,164.35,292.89
21-12-2022,167.64,343.23
22-12-2022,122.69,247.07
23-12-2022,180.25,352.5
24-12-2022,134.07,253.29
25-12-2022,122.14,238.35
26-12-2022,126.48,233.86
27-12-2022,110.9,165.33
28-12-2022,100.44,175.27
29-12-2022,137.17,244.83
30-12-2022,206.97,349.7
31-12-2022,106.37,190.42
01-01-2023,85.57020833,150.1539583
02-01-2023,174.3242708,272.6598913
03-01-2023,200.6926042,376.5797917
04-01-2023,122.370625,240.644375
05-01-2023,149.6694792,257.8309375
06-01-2023,206.6309375,421.21625
07-01-2023,152.5229167,265.330625
08-01-2023,164.5554167,270.7009375
09-01-2023,330.0394792,559.7826042
10-01-2023,150.7523958,255.9490625
11-01-2023,120.8392708,224.3844792
12-01-2023,143.7802083,267.7095833
13-01-2023,154.5330208,269.1333333
14-01-2023,101.5571875,189.05875
15-01-2023,53.90958333,131.9435417
16-01-2023,89.47458333,195.5233333
17-01-2023,91.47677083,194.5708333
18-01-2023,131.3472917,267.2909375
19-01-2023,156.3202083,315.371875
20-01-2023,67.978125,137.3338542
21-01-2023,159.2520833,277.2892708
22-01-2023,192.0366667,338.9216667
23-01-2023,157.5540741,223.0184375
24-01-2023,75.27197917,154.065625
25-01-2023,69.8759375,130.54625
26-01-2023,91.45760417,177.14
27-01-2023,63.47460526,127.10625
28-01-2023,104.0275,166.8327083
29-01-2023,125.1892857,235.1132143
30-01-2023,,
31-01-2023,73.3525,80.83375
01-02-2023,61.05769231,93.0878125
02-02-2023,42.71479167,116.9664583
03-02-2023,46.7053125,136.0775
04-02-2023,58.9521875,166.866875
05-02-2023,69.67305556,189.2147222
06-02-2023,69.88478261,179.1602174
07-02-2023,31.37090909,104.3870455
08-02-2023,40.349375,115.5433333
09-02-2023,54.39697917,148.3335417
10-02-2023,60.92125,168.1210417
11-02-2023,78.15625,209.1066667
12-02-2023,33.63739583,104.7098958
13-02-2023,29.72642361,103.093125
14-02-2023,37.33989583,117.07
15-02-2023,52.6828125,148.005625
16-02-2023,98.35510417,241.6171875
17-02-2023,142.9920833,327.8180208
18-02-2023,124.4453125,307.065625
19-02-2023,105.5322917,251.4845833
20-02-2023,88.18822917,223.3863542
21-02-2023,78.02697917,200.6407292
22-02-2023,97.43697917,204.5161458
23-02-2023,38.56430556,103.6320833
24-02-2023,52.891875,150.229375
25-02-2023,68.6103125,188.6853125
26-02-2023,93.409375,252.3815625
27-02-2023,88.71478261,208.96
28-02-2023,64.91106061,166.376875
01-03-2023,71.09202381,183.2062153
02-03-2023,73.6796875,165.5814583
03-03-2023,71.04693182,115.88625
04-03-2023,62.649125,94.27268939
05-03-2023,37.93833333,82.81354167
06-03-2023,53.43708333,100.9996875
07-03-2023,67.2946875,125.361875
08-03-2023,82.77052083,147.7696875
09-03-2023,44.99354167,84.78208333
10-03-2023,74.03634615,142.1284615
11-03-2023,64.48826923,123.0011538
12-03-2023,78.4471875,177.749375
13-03-2023,89.83791667,193.7927083
14-03-2023,81.26885417,177.5204167
15-03-2023,73.44958333,177.9691667
16-03-2023,104.9003409,174.7660417
17-03-2023,90.23791667,166.1017708
18-03-2023,62.48155303,113.9939583
19-03-2023,61.77511905,92.4976087
20-03-2023,71.26431818,70.3440625
21-03-2023,49.30972222,67.07
22-03-2023,55.99203704,93.795625
23-03-2023,30.75677083,89.7575
24-03-2023,58.00052083,124.4533333
25-03-2023,30.786875,55.6028125
26-03-2023,50.7384375,137.8270833
27-03-2023,42.76270833,84.42979167
28-03-2023,48.69197917,101.3040625
29-03-2023,70.165625,130.9746875
30-03-2023,55.2855303,96.0396875
31-03-2023,21.90753472,40.7234375
01-04-2023,36.23364583,61.20333333
02-04-2023,34.83006944,70.5309375
03-04-2023,62.79819444,125.5075
04-04-2023,37.51416667,87.88895833
05-04-2023,43.79677083,110.0401042
06-04-2023,30.60503472,99.9271875
07-04-2023,37.48395833,100.25
08-04-2023,64.53229167,137.8648958
09-04-2023,75.89385417,156.5061458
10-04-2023,65.71541667,168.2929167
11-04-2023,100.1658333,198.5984375
12-04-2023,60.861875,146.7517708
13-04-2023,66.04055556,149.5896053
14-04-2023,73.20979167,168.9661458
15-04-2023,68.37145833,171.1960417
16-04-2023,53.97427083,150.096875
17-04-2023,51.13350694,152.954375
18-04-2023,47.50260417,157.2298958
19-04-2023,47.72791667,249.6557292
20-04-2023,38.11858696,118.7202083
21-04-2023,41.89135417,127.5126042
22-04-2023,36.304375,109.9777083
23-04-2023,16.64111111,73.6725
24-04-2023,43.65604167,117.5515625
25-04-2023,59.01916667,133.9958333
26-04-2023,77.545,172.1129167
27-04-2023,68.57479167,153.1315625
28-04-2023,49.4640625,118.7485417
29-04-2023,58.53979167,156.81
30-04-2023,46.32427083,96.926875
01-05-2023,35.81045139,64.6903125
02-05-2023,34.5821875,63.94270833
03-05-2023,34.59020833,63.44260417
04-05-2023,45.7021875,94.45208333
05-05-2023,62.813125,133.3035417
06-05-2023,95.17934783,176.8025694
07-05-2023,50.44270833,123.641875
08-05-2023,46.88552083,117.3761458
09-05-2023,78.58645833,187.9861458
10-05-2023,80.74375,170.6941667
11-05-2023,98.7546875,217.9602083
12-05-2023,100.0193116,204.5333696
13-05-2023,91.43416667,215.0296875
14-05-2023,88.05135417,237.1911458
15-05-2023,31.91797619,147.7848958
16-05-2023,90.26723485,244.9794608
17-05-2023,55.80354167,246.404375
18-05-2023,37.55246377,110.6135417
19-05-2023,54.50083333,136.1858333
20-05-2023,53.87263889,147.4759091
21-05-2023,56.61864583,191.2579167
22-05-2023,44.474375,216.1323958
23-05-2023,32.46715278,180.0132986
24-05-2023,22.16371212,115.6169792
25-05-2023,27.01404167,99.88197917
26-05-2023,26.01644737,78.10104167
27-05-2023,38.7797619,72.77020833
28-05-2023,41.248125,115.3417708
29-05-2023,35.97464286,91.53458333
30-05-2023,36.17068182,84.7476087
31-05-2023,26.72765873,46.709375
01-06-2023,32.94729167,75.04239583
02-06-2023,28.04710145,86.6682971
03-06-2023,42.7865625,113.3867708
04-06-2023,53.99208333,147.9901042
05-06-2023,44.52708333,117.9829167
06-06-2023,51.145,239.1136458
07-06-2023,45.55239583,308.2686458
08-06-2023,45.91833333,174.9266667
09-06-2023,30.07270833,113.9322917
10-06-2023,28.71496212,117.6889583
11-06-2023,28.82475694,130.9277083
12-06-2023,61.7554902,141.7048438
13-06-2023,37.31683333,191.646
14-06-2023,40.80003968,154.2248958
15-06-2023,26.27003788,125.704375
16-06-2023,26.27884058,94.1921875
17-06-2023,33.6309375,97.80927083
18-06-2023,25.30795139,76.90635417
19-06-2023,21.46039855,57.61677083
20-06-2023,33.82604167,82.79739583
21-06-2023,31.40541667,98.47427083
22-06-2023,34.49052083,121.1686458
23-06-2023,42.8453125,130.9404167
24-06-2023,49.86701389,127.4033333
25-06-2023,26.94027778,45.233875
26-06-2023,34.79427083,67.18895833
27-06-2023,36.77954861,71.0278125
28-06-2023,21.80798611,54.58925
29-06-2023,29.31798611,56.37895833
30-06-2023,26.39344203,43.57163194
01-07-2023,25.32311594,49.3503125
02-07-2023,38.90354167,73.28677083
03-07-2023,55.71083333,114.9526042
04-07-2023,49.89815217,102.9922917
05-07-2023,38.7125,71.64604167
06-07-2023,24.56065972,51.84552083
07-07-2023,57.37736111,67.67365741
08-07-2023,32.68128788,38.21652778
09-07-2023,26.12814394,18.73627778
10-07-2023,22.74892857,38.4190625
11-07-2023,33.35552083,64.65052083
12-07-2023,28.28427083,55.2046875
13-07-2023,30.38927083,62.60322917
14-07-2023,29.82072917,55.03145833
15-07-2023,30.84391304,75.9065625
16-07-2023,23.4990942,43.63760417
17-07-2023,39.9625,76.25
18-07-2023,35.44426471,65.88852941
19-07-2023,29.19344203,62.82520833
20-07-2023,69.73833333,85.095
21-07-2023,103.9284375,109.3445833
22-07-2023,54.32058824,68.23208333
23-07-2023,20.89427083,64.03166667
24-07-2023,29.413125,72.35854167
25-07-2023,39.2809375,81.72989583
26-07-2023,18.00177083,33.61442029
27-07-2023,32.85760417,64.663125
28-07-2023,28.8297619,46.87472222
29-07-2023,13.05876812,24.82232639
30-07-2023,16.77628472,34.24958333
31-07-2023,26.70697917,53.130625
01-08-2023,19.17159722,53.31510417
02-08-2023,20.25145833,60.13739583
03-08-2023,33.235875,70.00916667
04-08-2023,41.52890351,70.83697917
05-08-2023,,68.47041667
06-08-2023,10.81975,76.75385417
07-08-2023,27.681875,85.59802083
08-08-2023,23.10520833,97.1853125
09-08-2023,30.59635417,121.3654167
10-08-2023,34.53142157,99.80394737
11-08-2023,25.053125,92.2825
12-08-2023,25.78,105.9028125
13-08-2023,26.97514493,71.44784722
14-08-2023,31.15111111,99.11270833
15-08-2023,40.44041667,98.65927083
16-08-2023,45.18510417,91.25184783
17-08-2023,32.49142361,115.460625
18-08-2023,38.25552083,154.6388542
19-08-2023,57.24291667,98.78616667
20-08-2023,39.64274306,66.60623016
21-08-2023,43.02152778,51.20990196
22-08-2023,42.40916667,43.4015873
23-08-2023,17.83506944,47.5609375
24-08-2023,18.72791667,62.07541667
25-08-2023,73.07,118.273125
26-08-2023,117.54,155.1317857
27-08-2023,,240.0436111
28-08-2023,84.28833333,157.6432738
29-08-2023,29.1719697,101.6932576
30-08-2023,39.51192308,123.1575
31-08-2023,43.46986111,123.3072917
01-09-2023,38.90133333,118.1361667
02-09-2023,21.31822917,111.415
03-09-2023,32.65948718,104.6990385
04-09-2023,48.54625,97.18775
05-09-2023,35.02018116,88.10645833
06-09-2023,24.96174242,49.70423913
07-09-2023,28.62645833,61.91729167
08-09-2023,23.83630435,49.926875
09-09-2023,15.32015873,28.5678125
10-09-2023,,17.17364583
11-09-2023,33.02264706,45.39947917
12-09-2023,35.794375,65.83541667
13-09-2023,40.80677083,78.743125
14-09-2023,55.63958333,94.5765625
15-09-2023,34.09278986,48.72039855
16-09-2023,79.56759804,40.59921875
17-09-2023,,29.6159375
18-09-2023,84.90125,29.97885417
19-09-2023,33.86822917,54.98822917
20-09-2023,38.63472222,64.37125
21-09-2023,34.95700758,61.74833333
22-09-2023,46.07020833,72.36052083
23-09-2023,82.22705556,52.29019841
24-09-2023,,75.09427083
25-09-2023,21.81,80.53222222
26-09-2023,65.58677083,115.2613542
27-09-2023,45.76802083,108.7736458
28-09-2023,53.20050725,90.02791667
29-09-2023,62.74645833,130.9323958
30-09-2023,50.95395833,116.8535417
01-10-2023,45.68460317,116.1632937
02-10-2023,54.09329545,113.2495455
03-10-2023,67.114375,133.249625
04-10-2023,61.72693182,131.6615909
05-10-2023,84.789,156.91
06-10-2023,62.4053125,150.2622917
07-10-2023,53.90572917,127.8302083
08-10-2023,48.83190476,107.9085985
09-10-2023,59.83875,97.91717593
10-10-2023,42.26520833,96.56229167
11-10-2023,77.85447917,145.5723438
12-10-2023,87.94615741,177.4035648
13-10-2023,91.2634375,256.8638542
14-10-2023,105.8608681,232.8523611
15-10-2023,81.28322917,259.9720313
16-10-2023,65.29739583,187.3920588
17-10-2023,48.19811111,79.27019231
18-10-2023,52.54965686,84.28867647
19-10-2023,62.846,106.674
20-10-2023,30.89666667,130.3766667
21-10-2023,92.489375,203.1839583
22-10-2023,117.1726042,256.2834375
23-10-2023,113.8614583,224.999375
24-10-2023,89.29784091,179.2195833
25-10-2023,92.26822917,186.8702174
26-10-2023,92.03489583,191.9653125
27-10-2023,105.1888542,231.2452083
28-10-2023,121.3969792,287.0319792
29-10-2023,142.8929167,300.1251736
30-10-2023,129.6300347,243.2617708
31-10-2023,175.8151042,341.75625
01-11-2023,134.6191667,272.8004167
02-11-2023,264.5517708,479.834375
03-11-2023,300.4380208,505.4552083
04-11-2023,364.5776852,607.9975463
05-11-2023,285.2751042,488.493125
06-11-2023,221.3051471,321.9427451
07-11-2023,226.8518889,382.2053333
08-11-2023,228.7159375,419.1802083
09-11-2023,251.2015625,483.354375
10-11-2023,85.28350694,171.1371875
11-11-2023,72.31375,140.6995833
12-11-2023,99.43802083,179.5213542
13-11-2023,269.5617708,413.0801042
14-11-2023,207.8903125,350.4445833
15-11-2023,217.53375,359.0432292
16-11-2023,307.7094318,518.4809091
17-11-2023,202.6334375,370.7585417
18-11-2023,121.2788542,244.6084375
19-11-2023,104.9290625,216.1409375
20-11-2023,137.3638542,268.1684375
21-11-2023,183.1446875,331.5202083
22-11-2023,185.3772917,325.9508333
23-11-2023,188.4101042,360.9553125
24-11-2023,218.7323958,413.2539583
25-11-2023,190.1642708,355.5973958
26-11-2023,214.7627083,414.708125
27-11-2023,160.8121875,310.6432292
28-11-2023,86.20427083,160.3658333
29-11-2023,164.39,302.6019792
30-11-2023,194.3320833,352.0645833
01-12-2023,185.4466667,363.1780208
02-12-2023,135.6940625,270.4226042
03-12-2023,108.4941667,225.4215625
04-12-2023,103.4448958,214.3034375
05-12-2023,110.34625,234.9480208
06-12-2023,94.56791667,203.2485417
07-12-2023,114.6842708,237.0803125
08-12-2023,99.3190625,209.2822917
09-12-2023,104.6464583,226.2240625
10-12-2023,111.0585417,225.5835417
11-12-2023,125.5620833,262.4214583
12-12-2023,161.2377083,325.3858333
13-12-2023,120.1573958,255.8209375
14-12-2023,102.2605208,232.8748958
15-12-2023,126.746875,272.3809375
16-12-2023,132.691875,299.4492708
17-12-2023,139.434375,286.4430208
18-12-2023,107.960625,212.5661458
19-12-2023,82.54625,171.97125
20-12-2023,88.18854167,186.6398958
21-12-2023,147.9669792,287.5872917
22-12-2023,197.5203125,383.8817708
23-12-2023,228.38875,411.0290625
24-12-2023,211.536875,376.5504167
25-12-2023,149.3208333,278.3046875
26-12-2023,156.1469792,290.9155208
27-12-2023,221.1522222,368.4926042
28-12-2023,136.5890909,214.7567391
29-12-2023,132.6258333,284.8911458
30-12-2023,174.1576042,395.7145833
31-12-2023,154.2275,330.7404167
01-01-2024,141.2,309.48
02-01-2024,144.7,302.31
03-01-2024,150.21,347.64
04-01-2024,142.34,331.43
05-01-2024,95.54,246.79
06-01-2024,106.23,232.15
07-01-2024,91.45,177.96
08-01-2024,155.77,380.62
09-01-2024,79.6,200.81
10-01-2024,109.34,225.61
11-01-2024,123.02,245.96
12-01-2024,105.07,205.6
13-01-2024,367.39,537.55
14-01-2024,264.88,439.89
15-01-2024,132.68,231.12
16-01-2024,219.29,349.06
17-01-2024,203.05,355.64
18-01-2024,93.52,161.43
19-01-2024,110.53,203.65
20-01-2024,151.21,271.05
21-01-2024,110.94,210.29
22-01-2024,148.46,287.26
23-01-2024,138.9,258.29
24-01-2024,207.85,396.31
25-01-2024,141.15,244.11
26-01-2024,205.15,388.71
27-01-2024,126.3,244.31
28-01-2024,163.84,314.27
29-01-2024,129.07,244.43
30-01-2024,150.8,291.03
31-01-2024,182.33,322.37
01-02-2024,63.01,88.06
02-02-2024,78.2,126.23
03-02-2024,87.61,198.79
04-02-2024,69.45,126.58
05-02-2024,50.05,112.3
06-02-2024,50.73,111.68
07-02-2024,48.94,141.74
08-02-2024,54.97,111.14
09-02-2024,56.2,121.52
10-02-2024,124.86,256.81
11-02-2024,128.06,258.31
12-02-2024,129.26,295.67
13-02-2024,165.96,298.34
14-02-2024,126.22,240.71
15-02-2024,118.46,180.49
16-02-2024,100.35,201.38
17-02-2024,93.08,198.19
18-02-2024,96.75,214.88
19-02-2024,75.67,173.64
20-02-2024,110.17,206.62
21-02-2024,69.82,167.29
22-02-2024,53.37,119.29
23-02-2024,56.91,121.76
24-02-2024,77.35,195.38
25-02-2024,66.61,151.37
26-02-2024,52.64,135.75
27-02-2024,54.34,112.02
28-02-2024,71.47,123.51
29-02-2024,65.48,125.38
01-03-2024,68.19,160.74
02-03-2024,51.72,72.52
03-03-2024,62.51,174.48
04-03-2024,31.83,95.37
05-03-2024,45.01,100.62
06-03-2024,74.52,125.46
07-03-2024,75.39,147.45
08-03-2024,74.63,148.71
09-03-2024,70.32,132.03
10-03-2024,91.71,175.56
11-03-2024,113.3,193.72
12-03-2024,106.26,172.03
13-03-2024,78.53,152.01
14-03-2024,79.62,165.75
15-03-2024,49.33,100.65
16-03-2024,78.14,160.54
17-03-2024,93.65,193.29
18-03-2024,92.07,193.94
19-03-2024,101.65,208.68
20-03-2024,106.84,220.08
21-03-2024,92.38,192.44
22-03-2024,89.76,169.79
23-03-2024,79.64,168.78
24-03-2024,73.29,177.32
25-03-2024,93.77,190.17
26-03-2024,59.55,106.88
27-03-2024,69.68,164.22
28-03-2024,67.69,149.27
29-03-2024,77.61,180.18
30-03-2024,96.68,248.85
31-03-2024,102.51,283.27
01-04-2024,48.5,101.91
02-04-2024,63.95,151.99
03-04-2024,72.93,179.81
04-04-2024,59.11,138.02
05-04-2024,66.75,125.85
06-04-2024,56.5,132.31
07-04-2024,80.16,165.83
08-04-2024,73.21,156.51
09-04-2024,75.68,160.97
10-04-2024,95.46,215.89
11-04-2024,83.66,201.8
12-04-2024,93.49,218.38
13-04-2024,66.1,148.92
14-04-2024,63.43,121.47
15-04-2024,112.11,173.11
16-04-2024,78.94,179.12
17-04-2024,52.13,135.94
18-04-2024,58.79,181.33
19-04-2024,73.69,220.2
20-04-2024,96.6,301.1
21-04-2024,55.21,123.89
22-04-2024,52.28,106.01
23-04-2024,80.2,230.97
24-04-2024,65.75,135.68
25-04-2024,112.68,233.26
26-04-2024,74.42,151.78
27-04-2024,67.44,206.63
28-04-2024,59.4,177.26
29-04-2024,92.2,258.47
30-04-2024,63.35,200.78
01-05-2024,71.91,212.74
02-05-2024,86.58,205.94
03-05-2024,125.43,286.56
04-05-2024,71.14,272.68
05-05-2024,104.59,301.12
06-05-2024,106.1,275.58
07-05-2024,170.95,376.4
08-05-2024,49.93,183.4
09-05-2024,46.22,118.8
10-05-2024,59.67,172.9
11-05-2024,65.48,262.96
12-05-2024,62.11,165.07
13-05-2024,114.93,153.02
14-05-2024,102.39,172.57
15-05-2024,84.84,182.69
16-05-2024,100.05,210.61
17-05-2024,83.96,181.79
18-05-2024,89.06,234.91
19-05-2024,68.64,207.2
20-05-2024,68.19,194.2
21-05-2024,77.75,234.51
22-05-2024,62.87,190.26
23-05-2024,45.51,131.63
24-05-2024,55.62,126.96
25-05-2024,74.64,186.26
26-05-2024,87.72,148.55
27-05-2024,84.92,170.04
28-05-2024,50.55,159.14
29-05-2024,52.05,215.52
30-05-2024,43.53,175.11
31-05-2024,56.77,174.45
01-06-2024,47.41,204.79
02-06-2024,30.89,118.95
03-06-2024,39.18,148.68
04-06-2024,50.68,226.39
05-06-2024,45.92,188.93
06-06-2024,49.34,121.44
07-06-2024,49.27,324.26
08-06-2024,64.9,211.13
09-06-2024,53.15,105.75
10-06-2024,49.24,127.77
11-06-2024,56.02,181.25
12-06-2024,47.5,171.21
13-06-2024,36.59,158.14
14-06-2024,35.84,173.68
15-06-2024,35.59,153.31
16-06-2024,42.63,179.33
17-06-2024,44.45,160.97
18-06-2024,46.9,193.02
19-06-2024,60.79,222.98
20-06-2024,44.94,124.3
21-06-2024,62.92,157.6
22-06-2024,110.38,158.84
23-06-2024,54.23,102.83
24-06-2024,59.12,119.62
25-06-2024,60.95,105.05
26-06-2024,50.26,92.49
27-06-2024,31.23,58
28-06-2024,30.32,47.76
29-06-2024,46.59,79.42
30-06-2024,47.79,73.72
01-07-2024,32.89,63.3
02-07-2024,36.56,65.49
03-07-2024,29.77,32.06
04-07-2024,22.26,38.94
05-07-2024,18.31,46.58
06-07-2024,28.03,45.83
07-07-2024,12.45,26.68
08-07-2024,35.63,55.88
09-07-2024,47.83,76.9
10-07-2024,55.7,99.92
11-07-2024,51.28,104.44
12-07-2024,48.21,76.39
13-07-2024,36.84,66.98
14-07-2024,45.58,90.22
15-07-2024,40.88,88.19
16-07-2024,46.86,81.67
17-07-2024,29.48,69.99
18-07-2024,39.54,80.68
19-07-2024,54.07,104.57
20-07-2024,46.24,89.06
21-07-2024,35,71.44
22-07-2024,43.78,84.24
23-07-2024,43.67,84.86
24-07-2024,36.27,66.95
25-07-2024,36.43,69.94
26-07-2024,41.16,83.49
27-07-2024,45.26,81.2
28-07-2024,42.72,51.73
29-07-2024,55,66.98
30-07-2024,37.67,81.78
31-07-2024,52.39,61.77
01-08-2024,,36.67
02-08-2024,27.5,29.73
03-08-2024,17.49,40.62
04-08-2024,14.79,38.17
05-08-2024,21.76,69.77
06-08-2024,10.47,34.39
07-08-2024,16.06,29
08-08-2024,17.53,29.81
09-08-2024,22.29,37.7
10-08-2024,23.15,49.38
11-08-2024,15.25,28.86
12-08-2024,17.39,29.93
13-08-2024,16.61,30.38
14-08-2024,25.44,56.72
15-08-2024,18.11,37.6
16-08-2024,21.03,41.31
17-08-2024,41.83,47.15
18-08-2024,16.94,45.77
19-08-2024,21.83,59.44
20-08-2024,16.26,39.99
21-08-2024,25.84,62.42
22-08-2024,25.04,58.96
23-08-2024,21.66,54.29
24-08-2024,49.04,91.9
25-08-2024,19.31,40.89
26-08-2024,25.37,42.4
27-08-2024,32.06,42.39
28-08-2024,20.32,33.98
29-08-2024,22.73,44.43
30-08-2024,52.89,79.93
31-08-2024,67.69,78.8
01-09-2024,32.15,76.05
02-09-2024,21.8,54.56
03-09-2024,49.35,81.13
04-09-2024,27.81,38.49
05-09-2024,25.68,52.11
06-09-2024,20.2,50.39
07-09-2024,20.1,44.57
08-09-2024,33.8,53.64
09-09-2024,47.61,71.36
10-09-2024,39.69,84.54
11-09-2024,27.28,65.48
12-09-2024,12.1,24.01
13-09-2024,23.93,27.94
14-09-2024,26.22,36.55
15-09-2024,33.17,36.88
16-09-2024,37.38,43.1
17-09-2024,58,59.72
18-09-2024,28.13,26.88
19-09-2024,48.74,27.46
20-09-2024,23.03,33.61
21-09-2024,28.03,37.57
22-09-2024,56.66,68.18
23-09-2024,67.56,79.57
24-09-2024,81.05,91.07
25-09-2024,36.33,118.75
26-09-2024,25.32,29.68
27-09-2024,17.76,30.62
28-09-2024,30.71,25.21
29-09-2024,24.8,33.41
30-09-2024,49.27,65.27
01-10-2024,90.87,86.06
02-10-2024,55.81,76.82
03-10-2024,42.9,61.5
04-10-2024,44.8,64.85
05-10-2024,30.66,44.56
06-10-2024,31.73,50.13
07-10-2024,37.26,64.53
08-10-2024,53.26,86.33
09-10-2024,67.16,115.79
10-10-2024,38.69,66.01
11-10-2024,48.89,73.15
12-10-2024,55.8,83.61
13-10-2024,70.19,100.9
14-10-2024,95,163.35
15-10-2024,72.93,188.07
16-10-2024,105.62,271.12
17-10-2024,113.01,260.67
18-10-2024,111.52,253.32
19-10-2024,92.66,222.24
20-10-2024,132.86,260.72
21-10-2024,146.1,271.04
22-10-2024,146.97,270.74
23-10-2024,198.32,319.33
24-10-2024,141.09,222.48
25-10-2024,100.03,196.68
26-10-2024,126.55,237.69
27-10-2024,172.25,283.03
28-10-2024,152.41,255.28
29-10-2024,132.65,230.78
30-10-2024,134.68,246.37
31-10-2024,178.78,297.07
01-11-2024,155.09,236.7
02-11-2024,204.15,308.07
03-11-2024,214.87,322.48
04-11-2024,238.04,367.19
05-11-2024,201.86,303.87
06-11-2024,180.51,292.76
07-11-2024,221.34,332.61
08-11-2024,198.51,299.04
09-11-2024,178.6,281.82
10-11-2024,160.74,262.35
11-11-2024,172.72,298.41
12-11-2024,205.15,330.77
13-11-2024,348.82,561
14-11-2024,299.29,491.3
15-11-2024,215.5,359.6
16-11-2024,296.52,435.43
17-11-2024,429.44,620.12
18-11-2024,558.02,748.77
19-11-2024,260.49,383.28
20-11-2024,229.81,351.21
21-11-2024,182.03,305.52
22-11-2024,258.98,400.43
23-11-2024,211.25,351.78
24-11-2024,98.95,188.2
25-11-2024,227.15,362.24
26-11-2024,127.15,216.56
27-11-2024,132.15,231.63
28-11-2024,148.55,252.31
29-11-2024,145.51,251.16
30-11-2024,164.39,256.45
01-12-2024,122.34,198.4
02-12-2024,109.23,181.72
03-12-2024,99.66,182.11
04-12-2024,60.55,106.18
05-12-2024,52.45,102.93
06-12-2024,66.3,101.6
07-12-2024,89.57,131.74
08-12-2024,114.05,182.68
09-12-2024,67.62,127.97
10-12-2024,67.79,111.71
11-12-2024,83.23,132.51
12-12-2024,120.54,178.71
13-12-2024,94.14,139.38
14-12-2024,74.02,107.63
15-12-2024,117.73,166.86
16-12-2024,188.35,276.39
17-12-2024,231.21,333.71
18-12-2024,270.84,373.59
19-12-2024,270.07,330.38
20-12-2024,255.16,301.56
21-12-2024,168.61,207.93
22-12-2024,198.55,245.53
23-12-2024,202.35,230.47
24-12-2024,166.02,173.89
25-12-2024,156.38,160.2
26-12-2024,173.14,159.75
27-12-2024,122.81,126.14
28-12-2024,68.66,104.18
29-12-2024,62.89,71.82
30-12-2024,66.95,101.48
31-12-2024,95.25,135.8
